{
   "1995\/10\/23":[
      0.0,
      0.0,
      0.0,
      214.77052377887836,
      0.0,
      0.0,
      0.0,
      0.0,
      0.0
   ],
   "1996\/10\/12":[
      2212.4755497757365,
      2230.413326540375,
      3.8380323816999735,
      214.77052377887836,
      0.0,
      202.02407877831257,
      2208.000118674797,
      0.0,
      8.97521918819777
   ],
   "1997\/10\/01":[
      2212.4755497757365,
      2230.413326540375,
      2204.5271115224486,
      2251.280746930177,
      2225.443498586158,
      2238.0117611630376,
      2208.000118674797,
      2229.672206273668,
      2223.894028984381
   ],
   "1998\/09\/20":[
      3834.3360602116895,
      3818.7071521343396,
      3245.9451944955053,
      3614.607519985669,
      3608.6594369944005,
      3832.381067462676,
      3796.941368518954,
      3527.898642634748,
      3567.9543269478513
   ],
   "1999\/09\/09":[
      4434.264927760245,
      3818.7071521343396,
      4201.534143681109,
      4234.950749248576,
      4225.793082158577,
      4228.307525632685,
      4503.640577878273,
      4519.509172122096,
      4534.970322231491
   ],
   "2000\/08\/30":[
      5262.50372960028,
      5280.442752836718,
      5254.526845986621,
      5301.269658691093,
      4904.519277253267,
      4919.5834087565045,
      4895.0959227059675,
      4904.404893254463,
      4681.656655019073
   ],
   "2001\/08\/19":[
      4925.22753826757,
      5387.45630241028,
      4917.388509865129,
      4964.132663644099,
      4938.313627119723,
      5395.051568537947,
      5365.036306456323,
      4942.556568564145,
      4936.592801732165
   ],
   "2002\/08\/08":[
      4925.22753826757,
      4943.142586571474,
      4917.388509865129,
      4964.132663644099,
      4938.313627119723,
      4950.886040644098,
      4920.979889468807,
      4942.556568564145,
      4936.592801732165
   ],
   "2003\/07\/28":[
      4925.22753826757,
      4943.142586571474,
      4917.388509865129,
      4964.132663644099,
      4938.313627119723,
      4950.886040644098,
      4920.979889468807,
      4942.556568564145,
      4936.592801732165
   ],
   "2004\/07\/17":[
      4925.22753826757,
      4943.142586571474,
      4917.388509865129,
      4964.132663644099,
      4938.313627119723,
      4950.886040644098,
      4920.979889468807,
      4942.556568564145,
      4936.592801732165
   ]
}
